Region,Sub region,Country,Source,2003.00,2004.00,2005.00,2006.00,2007.00,2008.00,2009.00,2010.00,2011.00,2012.00,2013.00,2014.00,2015.00,2016.00,,2003.00,2004.00,2005.00,2006.00,2007.00,2008.00,2009.00,2010.00,2011.00,2012.00,2013.00,2014.00,2015.00,2016.00
Asia,Southern Asia,Afghanistan,WPB-ICPR,,5262.00,,7706.00,10590.00,12500.00,,18283.00,,24613.00,,26519.00,,,,,21.82,,29.76,39.79,45.80,,63.48,,80.18,,80.95,,
Europe,Southern Europe,Albania,UN-CTS,2561.00,2321.00,2592.00,2857.00,2790.00,4916.00,4667.00,4657.00,4659.00,4618.00,4998.00,5689.00,5981.00,6031.00,,82.32,74.93,84.18,93.54,92.26,164.32,157.53,158.37,159.19,158.15,171.22,194.78,204.59,206.04
Africa,Northern Africa,Algeria,UN-CTS,39806.00,44231.00,43797.00,54117.00,55119.00,55598.00,,49000.00,50000.00,50100.00,60220.00,61000.00,62150.00,,,122.84,134.72,131.57,160.21,160.70,159.49,,135.67,135.80,133.37,157.07,155.96,155.88,
Oceania,Polynesia,American Samoa,WPB-ICPR,,258.00,,210.00,,132.00,,188.00,,192.00,,201.00,,183.00,,,435.34,,358.06,,231.46,,337.90,,347.64,,362.57,,329.22
Europe,Southern Europe,Andorra,UN-CTS/WPB-ICPR,61.00,61.00,,30.00,71.00,73.00,55.00,44.00,49.00,36.00,43.00,53.00,41.00,,,83.35,80.01,,37.04,85.87,87.05,65.12,52.10,58.51,43.67,53.23,66.90,52.55,
Africa,Middle Africa,Angola,WPB-ICPR,6008.00,,8300.00,,,,16183.00,,19898.00,,21634.00,22826.00,24165.00,,,33.00,,42.45,,,,71.77,,82.16,,83.21,84.79,86.74,
Americas,Caribbean,Anguilla,WPB-ICPR,,41.00,,45.00,,44.00,,58.00,,76.00,,60.00,46.00,,,,332.28,,348.76,,329.34,,421.24,,537.90,,414.97,314.83,
Americas,Caribbean,Antigua and Barbuda,WPB-ICPR,,191.00,194.00,193.00,,229.00,,295.00,,361.00,371.00,331.00,,314.00,,,216.41,217.36,213.73,,247.63,,311.64,,373.02,379.25,334.77,,311.01
Americas,South America,Argentina,UN-CTS,,,55423.00,54000.00,52457.00,54537.00,57403.00,59227.00,60789.00,62263.00,64288.00,69060.00,72693.00,76261.00,,,,141.58,136.51,131.24,135.05,140.70,143.67,145.93,147.90,151.12,160.67,167.43,173.97
Asia,Western Asia,Armenia,UN-CTS,2856.00,2710.00,2873.00,3083.00,3539.00,3965.00,4313.00,5142.00,4532.00,4756.00,3923.00,3880.00,3873.00,3833.00,,94.64,90.31,96.37,104.21,120.66,136.34,149.31,178.71,157.60,165.03,135.58,133.51,132.78,131.21
Americas,Caribbean,Aruba,WPB-ICPR,,,231.00,,277.00,,,,246.00,,240.00,170.00,,,,,,230.93,,273.66,,,,241.05,,232.59,163.78,,
Oceania,Australia and New Zealand,Australia,UN-CTS,23555.00,24171.00,,,27224.00,27615.00,29317.00,29700.00,29106.00,29381.00,30773.00,33789.00,36134.00,38845.00,,119.59,121.17,,,129.97,129.39,134.86,134.27,129.48,128.74,132.92,143.94,151.83,161.05
Europe,Western Europe,Austria,UN-CTS,,,8956.00,9005.00,9012.00,8248.00,8708.00,8813.00,8954.00,8805.00,8862.00,8692.00,,8619.00,,,,108.51,108.69,108.42,98.92,104.04,104.79,105.84,103.37,103.31,100.68,,99.08
Asia,Western Asia,Azerbaijan,UN-CTS,,18504.00,17845.00,18656.00,19559.00,20986.00,20651.00,21971.00,20546.00,20782.00,20669.00,22526.00,,23311.00,,,219.01,208.99,216.17,224.19,237.89,231.40,243.24,224.64,224.31,220.23,237.02,,239.97
Americas,Caribbean,Bahamas,UN-CTS/WPB-ICPR,,2829.00,2897.00,2416.00,1325.00,1321.00,1250.00,1278.00,1360.00,1433.00,,1396.00,,1727.00,,,877.14,879.88,719.41,387.06,378.86,352.26,354.18,371.01,385.17,,365.28,,441.87
Asia,Western Asia,Bahrain,UN-CTS/WPB-ICPR,437.00,701.00,513.00,522.00,3567.00,3103.00,,1100.00,,2307.00,4028.00,,,,,56.12,84.47,57.69,54.46,344.34,278.40,,88.65,,177.43,306.22,,,
Asia,Southern Asia,Bangladesh,UN-CTS/WPB-ICPR,,73154.00,72268.00,66200.00,,86838.00,,69650.00,,68700.00,72104.00,,69719.00,,,,51.77,50.39,45.54,,58.36,,45.78,,44.12,45.76,,43.25,
Americas,Caribbean,Barbados,UN-CTS/WPB-ICPR,992.00,,997.00,,1010.00,1046.00,898.00,910.00,1060.00,1045.00,908.00,864.00,954.00,,,364.36,,363.86,,365.74,377.18,322.48,325.50,377.76,371.11,321.41,304.89,335.66,
Europe,Eastern Europe,Belarus,UN-CTS,48593.00,42806.00,41538.00,45416.00,46787.00,44399.00,40186.00,39627.00,36652.00,28841.00,28471.00,29776.00,,,,498.90,442.35,431.72,474.32,490.59,467.00,423.62,418.31,387.09,304.50,300.36,313.93,,
Europe,Western Europe,Belgium,UN-CTS/WPB-ICPR,,9245.00,9375.00,9635.00,,9858.00,,10561.00,,11212.00,12126.00,11769.00,10994.00,,,,88.21,88.89,90.73,,91.45,,96.55,,101.16,108.74,104.90,97.40,
Americas,Central America,Belize,UN-CTS/WPB-ICPR,1074.00,1149.00,1380.00,1338.00,,1365.00,2781.00,2322.00,2288.00,2546.00,2632.00,2606.00,,1898.00,,399.06,416.17,487.16,460.19,,445.84,885.87,722.00,695.04,756.16,764.71,740.99,,517.12
Africa,Western Africa,Benin,WPB-ICPR,,,,5834.00,,6083.00,,6908.00,,,,7067.00,,,,,,,71.00,,69.94,,75.09,,,,68.70,,
Americas,Northern America,Bermuda,UN-CTS/WPB-ICPR,325.00,364.00,,305.00,,,278.00,,,252.00,,230.00,209.00,,,501.00,559.44,,468.78,,,432.33,,,398.87,,368.70,337.08,
Asia,Southern Asia,Bhutan,UN-CTS/WPB-ICPR,,,,,,,,,1001.00,1087.00,1084.00,1119.00,,,,,,,,,,,,135.18,144.36,141.71,144.12,,
Americas,South America,Bolivia (Plurinational State of),UN-CTS/WPB-ICPR,6768.00,6495.00,7310.00,7358.00,7588.00,7433.00,8087.00,8930.00,11195.00,14272.00,14004.00,14220.00,13672.00,16038.00,,76.82,72.43,80.11,79.26,80.37,77.43,82.87,90.04,111.08,139.39,134.65,134.63,127.48,147.29
Europe,Southern Europe,Bosnia and Herzegovina,UN-CTS/WPB-ICPR,,2405.00,,2493.00,,2660.00,,2743.00,2757.00,2928.00,2898.00,2825.00,2730.00,,,,63.60,,65.96,,70.68,,73.70,74.74,80.26,80.39,79.22,77.21,
Africa,Southern Africa,Botswana,UN-CTS/WPB-ICPR,5890.00,10911.00,9778.00,9788.00,8912.00,8865.00,8706.00,7005.00,4712.00,4241.00,3826.00,4131.00,3960.00,,,326.44,596.45,526.87,519.47,465.52,455.47,439.72,347.67,229.70,202.99,179.75,190.49,179.25,
Americas,South America,Brazil,UN-CTS/WPB-ICPR,284989.00,336358.00,361402.00,401236.00,422590.00,451219.00,491482.00,513954.00,534605.00,570318.00,606208.00,607731.00,698618.00,726712.00,,156.17,182.07,193.35,212.28,221.22,233.82,252.18,261.16,269.07,284.36,299.50,297.60,339.20,350.15
Americas,Caribbean,British Virgin Islands,WPB-ICPR,,,105.00,,,117.00,,117.00,,138.00,,119.00,,,,,,453.21,,,456.96,,429.77,,484.06,,402.19,,
Asia,South-Eastern Asia,Brunei Darussalam,UN-CTS/WPB-ICPR,457.00,443.00,492.00,522.00,486.00,453.00,,379.00,,485.00,,594.00,565.00,,,129.32,123.22,134.74,140.99,129.65,119.45,,97.51,,121.33,,144.28,135.32,
Europe,Eastern Europe,Bulgaria,UN-CTS,10066.00,10871.00,11436.00,11058.00,10271.00,9408.00,9006.00,9379.00,9885.00,9493.00,8834.00,7870.00,7408.00,7345.00,,128.99,140.39,148.83,145.02,135.74,125.27,120.79,126.66,134.38,129.86,121.58,108.97,103.21,103.02
Africa,Western Africa,Burkina Faso,UN-CTS/WPB-ICPR,,2799.00,3315.00,3108.00,4207.00,4801.00,,5198.00,5039.00,5035.00,,6827.00,7544.00,,,,21.48,24.70,22.47,29.52,32.68,,33.31,31.33,30.38,,38.82,41.66,
Africa,Eastern Africa,Burundi,UN-CTS/WPB-ICPR,7913.00,7526.00,7167.00,8277.00,8343.00,9927.00,10816.00,9823.00,10432.00,6369.00,7784.00,7565.00,9228.00,10127.00,,113.81,104.78,96.55,107.84,105.08,120.88,127.41,112.05,115.35,68.34,81.08,76.48,90.48,96.02
Africa,Western Africa,Cabo Verde,WPB-ICPR,,,,,,,1300.00,,,1348.00,1434.00,,,1569.00,,,,,,,,261.59,,,262.27,275.71,,,290.67
Asia,South-Eastern Asia,Cambodia,WPB-ICPR,,6778.00,8160.00,10338.00,10337.00,11688.00,,14043.00,,15397.00,,15182.00,,,,,51.89,61.49,76.72,75.58,84.20,,98.14,,104.20,,99.42,,
Africa,Middle Africa,Cameroon,UN-CTS/WPB-ICPR,20000.00,,22734.00,,,,23368.00,23766.00,22812.00,22891.00,25314.00,25909.00,26702.00,,,121.11,,130.50,,,,120.25,119.01,111.17,108.58,116.89,116.50,116.94,
Americas,Northern America,Canada,UN-CTS,34153.00,33849.10,35032.00,37452.00,38419.00,39050.00,38804.00,39489.00,40229.00,40718.00,37864.00,40663.00,41145.00,37864.00,,107.98,105.95,108.50,114.72,116.35,116.90,114.84,115.57,116.48,116.67,107.40,114.21,114.45,104.36
Americas,Caribbean,Cayman Islands,WPB-ICPR,,188.00,,210.00,,203.00,,212.00,,185.00,,186.00,,,,,397.47,,419.74,,383.55,,381.93,,321.61,,314.34,,
Africa,Middle Africa,Central African Republic,WPB-ICPR,,,1000.00,,1233.00,,2145.00,,845.00,,,,764.00,,,,,24.23,,28.84,,48.70,,18.88,,,,16.81,
Africa,Middle Africa,Chad,WPB-ICPR,,,3416.00,,,,,4775.00,4831.00,,,,,,,,,33.93,,,,,40.17,39.31,,,,,
Americas,South America,Chile,UN-CTS,38086.00,38064.00,38849.00,42532.00,48090.00,53541.00,58044.00,60148.00,59261.00,56372.00,53050.00,49258.00,47772.00,48922.00,,241.06,238.29,240.59,260.62,291.60,321.34,344.90,353.95,345.48,325.67,303.79,279.66,268.95,273.24
Asia,Eastern Asia,China,UN-CTS,1546130.00,1562742.00,1558511.00,1565711.00,1566839.00,1589222.00,1623394.00,1646593.00,1656773.00,1641931.00,1680000.00,1649804.00,1604394.00,1561086.00,,118.36,118.93,117.92,117.79,117.21,118.21,120.07,121.09,121.16,119.40,121.49,118.68,114.84,111.30
Asia,Eastern Asia,"China, Hong Kong Special Administrative Region",UN-CTS,13012.00,12558.00,11530.00,11640.00,11220.00,10738.00,10118.00,10159.00,9294.00,9468.00,9192.00,,,8611.00,,191.84,184.61,168.87,169.67,162.65,154.72,144.89,144.61,131.53,133.23,128.59,,,117.86
Asia,Eastern Asia,"China, Macao Special Administrative Region",UN-CTS/WPB-ICPR,,867.00,897.00,859.00,,912.00,930.00,929.00,1030.00,1112.00,1154.00,1205.00,1280.00,1271.00,,,183.90,185.88,174.13,,177.31,177.04,173.01,187.46,197.68,200.40,204.66,213.00,207.97
Americas,South America,Colombia,UN-CTS,62277.00,68020.00,66829.00,60021.00,63603.00,69979.00,75992.00,84444.00,100451.00,113884.00,120032.00,113623.00,120444.00,118532.00,,147.74,159.21,154.39,136.92,143.33,155.85,167.32,183.90,216.46,242.92,253.54,237.75,249.74,243.76
Africa,Eastern Africa,Comoros,WPB-ICPR,,,,,,,150.00,,,,206.00,,145.00,,,,,,,,,22.28,,,,27.78,,18.65,
Africa,Middle Africa,Congo,WPB-ICPR,,,1550.00,,1642.00,,2410.00,,1400.00,,1500.00,1240.00,,,,,,41.69,,41.30,,56.66,,31.02,,31.57,25.46,,
Oceania,Polynesia,Cook Islands,WPB-ICPR,,,27.00,,26.00,,,40.00,,34.00,,37.00,37.00,,,,,136.99,,133.26,,,215.69,,188.93,,210.37,212.05,
Americas,Central America,Costa Rica,UN-CTS,,9056.00,8818.00,7712.00,7500.00,8225.00,9431.00,10541.00,12154.00,13407.00,13647.00,13854.00,13999.00,13338.00,,,216.29,207.59,178.98,171.65,185.69,210.13,231.91,264.19,288.07,289.97,291.20,291.17,274.72
Africa,Western Africa,Côte d'Ivoire,WPB-ICPR,,,,13385.00,,11143.00,,,,7086.00,,,12147.00,,,,,,71.58,,57.15,,,,33.08,,,52.57,
Europe,Southern Europe,Croatia,UN-CTS,2805.00,3029.00,3485.00,3833.00,4290.00,4734.00,4891.00,5165.00,5084.00,4741.00,4352.00,3763.00,3341.00,3108.00,,63.91,69.09,79.60,87.70,98.34,108.77,112.67,119.33,117.87,110.34,101.73,88.38,78.87,73.79
Americas,Caribbean,Cuba,WPB-ICPR,55000.00,,,60000.00,,,,,,57337.00,,,,,,489.11,,,531.15,,,,,,503.75,,,,
Americas,Caribbean,Curaçao,WPB-ICPR,,,,578.00,,,,541.00,,440.00,,348.00,,,,,,,438.22,,,,366.51,,287.61,,222.35,,
Asia,Western Asia,Cyprus,UN-CTS,359.00,454.00,502.00,578.00,547.00,652.00,578.00,636.00,622.00,678.00,553.00,532.00,547.00,,,36.13,44.93,48.85,55.28,51.42,60.28,52.64,57.16,55.30,59.73,48.34,46.17,47.12,
Europe,Eastern Europe,Czechia,UN-CTS/WPB-ICPR,17360.00,18343.00,18937.00,18578.00,18901.00,20502.00,21853.00,21900.00,23170.00,22644.00,16645.00,18658.00,20866.00,22481.00,,169.54,179.14,184.60,180.40,182.50,196.68,208.38,207.85,219.23,213.89,157.11,176.04,196.78,211.89
Africa,Middle Africa,Democratic Republic of the Congo,WPB-ICPR,,30000.00,,,,,,22000.00,,,,,20550.00,,,,56.57,,,,,,34.10,,,,,26.97,
Europe,Northern Europe,Denmark,UN-CTS,3641.00,3767.00,4041.00,3932.00,3624.00,3451.00,3721.00,3944.00,3947.00,3829.00,4091.00,3583.00,3203.00,3408.00,,67.59,69.72,74.53,72.22,66.25,62.77,67.33,71.00,70.70,68.25,72.56,63.26,56.30,59.68
Africa,Eastern Africa,Djibouti,WPB-ICPR,,,,,,,525.00,,750.00,,550.00,,600.00,600.00,,,,,,,,62.74,,86.61,,61.34,,64.70,63.70
Americas,Caribbean,Dominica,WPB-ICPR,243.00,290.00,282.00,301.00,254.00,235.00,,295.00,,275.00,266.00,,219.00,,,346.68,412.05,399.28,425.10,358.00,330.64,,412.93,,381.71,367.40,,299.34,
Americas,Caribbean,Dominican Republic,UN-CTS/WPB-ICPR,16789.00,13008.00,12657.00,13752.00,,16718.00,,20743.00,21875.00,24044.00,24744.00,25203.00,,16750.00,,187.22,142.90,137.02,146.75,,173.49,,209.57,218.16,236.77,240.67,242.20,,157.36
Americas,South America,Ecuador,UN-CTS/WPB-ICPR,9866.00,11358.00,11971.00,12635.00,,12067.00,,11800.00,,21305.00,25494.00,24036.00,,34665.00,,74.24,84.07,87.16,90.46,,83.52,,79.01,,138.17,162.78,151.14,,211.60
Africa,Northern Africa,Egypt,WPB-ICPR,,,,64378.00,,,,,66000.00,,,,,106000.00,,,,,82.37,,,,,76.84,,,,,110.87
Americas,Central America,El Salvador,UN-CTS/WPB-ICPR,,12073.00,12525.00,14771.00,17867.00,19814.00,22101.00,24662.00,25367.00,28383.00,26848.00,28334.00,32645.00,,,,201.19,207.75,243.89,293.70,324.27,360.11,400.06,409.64,456.23,429.51,451.09,517.15,
Africa,Middle Africa,Equatorial Guinea,WPB-ICPR,,,,,,,,,,,,,500.00,,,,,,,,,,,,,,,42.54,
Europe,Northern Europe,Estonia,UN-CTS,4576.00,4565.00,4410.00,4310.00,3456.00,3656.00,3555.00,3393.00,3400.00,3286.00,3112.00,3034.00,2823.00,,,333.31,334.78,325.31,319.43,257.13,272.89,266.13,254.71,255.94,248.01,235.48,230.13,214.62,
Africa,Eastern Africa,Ethiopia,WPB-ICPR,,74413.00,,72211.00,,85664.00,,104467.00,,111050.00,,113727.00,,,,,99.72,,91.58,,102.98,,119.11,,120.13,,116.80,,
Europe,Northern Europe,Faroe Islands,UN-CTS/WPB-ICPR,13.00,,10.00,12.00,,12.00,9.00,8.00,8.00,8.00,10.00,11.00,10.00,8.00,,27.10,,20.71,24.80,,24.75,18.55,16.48,16.46,16.44,20.51,22.52,20.42,16.28
Oceania,Melanesia,Fiji,WPB-ICPR,,1083.00,1113.00,1121.00,,919.00,,1097.00,,1397.00,,1540.00,1555.00,,,,132.34,135.43,135.48,,108.97,,127.57,,159.91,,173.85,174.30,
Europe,Northern Europe,Finland,UN-CTS,3641.00,3704.00,3867.00,3851.00,3625.00,3530.00,3589.00,3364.00,3268.00,3306.00,3295.00,3148.00,3135.00,3156.00,,69.66,70.66,73.53,72.97,68.42,66.35,67.18,62.69,60.64,61.08,60.61,57.66,57.19,57.37
Europe,Western Europe,France,UN-CTS/WPB-ICPR,55382.00,55355.00,55302.00,58402.00,61076.00,62252.00,60978.00,60544.00,64787.00,66572.00,67075.00,66270.00,66678.00,68432.00,,91.46,90.91,90.31,94.82,98.57,99.88,97.27,96.06,102.28,104.61,104.94,103.24,103.45,105.75
Americas,South America,French Guiana,WPB-ICPR,,691.00,,630.00,,658.00,,715.00,,654.00,,701.00,,,,,352.41,,299.04,,295.79,,305.32,,264.28,,267.94,,
Oceania,Polynesia,French Polynesia,WPB-ICPR,291.00,,314.00,,404.00,,,,,426.00,,429.00,,397.00,,117.10,,123.19,,155.03,,,,,156.79,,155.73,,141.64
Africa,Middle Africa,Gabon,WPB-ICPR,,,,,,,,,,,,,3373.00,,,,,,,,,,,,,,,174.75,
Africa,Western Africa,Gambia,WPB-ICPR,,,,,,,780.00,,1000.00,,1000.00,1121.00,,,,,,,,,,47.57,,57.26,,53.78,58.45,,
Asia,Western Asia,Georgia,UN-CTS,6119.00,7867.00,9144.00,15464.00,18309.00,18659.00,21239.00,23684.00,24114.00,19349.00,9093.00,10372.00,9716.00,9334.00,,133.63,173.54,203.81,348.37,417.01,429.88,495.35,559.69,578.10,471.04,224.75,259.80,245.88,236.85
Europe,Western Europe,Germany,UN-CTS,80829.00,80933.00,80201.00,78063.00,75153.00,73793.00,72295.00,70827.00,69543.00,68533.00,66221.00,63228.00,63020.00,64291.00,,98.95,99.04,98.20,95.74,92.39,90.96,89.29,87.55,85.93,84.54,81.49,77.59,77.13,78.52
Africa,Western Africa,Ghana,WPB-ICPR,11397.00,11581.00,12371.00,12847.00,,14128.00,,13507.00,,13487.00,14021.00,14599.00,,14368.00,,55.74,55.18,57.43,58.10,,60.64,,55.10,,52.41,53.22,54.15,,50.93
Europe,Southern Europe,Gibraltar,WPB-ICPR,,19.00,,30.00,,37.00,,53.00,,63.00,,,,56.00,,,59.57,,92.89,,113.04,,159.69,,187.37,,,,162.86
Europe,Southern Europe,Greece,UN-CTS,8726.00,8722.00,9964.00,10370.00,11645.00,11736.00,11364.00,12349.00,12479.00,12475.00,12693.00,11798.00,9716.00,9560.00,,77.61,77.39,88.17,91.46,102.32,102.77,99.30,107.89,109.25,109.64,112.12,104.73,86.61,85.40
Americas,Northern America,Greenland,WPB-ICPR,,111.00,,115.00,,132.00,,171.00,,170.00,,131.00,126.00,,,,195.21,,201.86,,232.23,,301.92,,301.04,,232.34,223.50,
Americas,Caribbean,Grenada,UN-CTS/WPB-ICPR,,182.00,237.00,334.00,367.00,386.00,409.00,438.00,457.00,489.00,480.00,513.00,502.00,457.00,,,177.29,230.21,323.46,354.29,371.40,392.15,418.43,434.93,463.59,453.22,482.32,469.94,425.81
Americas,Caribbean,Guadeloupe,WPB-ICPR,695.00,,743.00,,790.00,,,,784.00,,871.00,,907.00,,,160.07,,169.04,,177.56,,,,173.66,,192.98,,201.37,
Oceania,Micronesia,Guam,WPB-ICPR,,393.00,,495.00,,559.00,,559.00,,585.00,,754.00,756.00,,,,248.58,,312.01,,351.49,,350.59,,365.69,,468.42,467.25,
Americas,Central America,Guatemala,UN-CTS/WPB-ICPR,8307.00,8698.00,8247.00,7477.00,,8158.00,,11148.00,,15013.00,16336.00,18425.00,,,,66.45,67.97,62.97,55.81,,58.24,,76.20,,98.31,104.74,115.71,,
Europe,Northern Europe,Guernsey,WPB-ICPR,,93.00,,117.00,,87.00,,75.00,,117.00,,,,91.00,,,,,,,,,,,,,,,
Africa,Western Africa,Guinea,UN-CTS/WPB-ICPR,,,,,2539.00,2780.00,,3800.00,,2600.00,,3110.00,,2900.00,,,,,,25.15,26.93,,35.20,,23.05,,26.34,,23.34
Africa,Western Africa,Guinea-Bissau,WPB-ICPR,,,,,,,,,,,92.00,,,196.00,,,,,,,,,,,,5.47,,,10.79
Americas,South America,Guyana,UN-CTS,,1280.00,1461.00,1861.00,2171.00,2117.00,2179.00,2160.00,2035.00,2032.00,1998.00,,1998.00,,,,170.29,194.55,248.27,290.29,283.66,292.21,289.33,271.66,269.82,263.56,,259.98,
Americas,Caribbean,Haiti,WPB-ICPR,3519.00,1941.00,3670.00,4663.00,6370.00,8204.00,,5331.00,,8722.00,9936.00,10461.00,11046.00,,,39.20,21.28,39.62,49.56,66.65,84.53,,53.31,,84.77,95.25,98.95,103.13,
Europe,Southern Europe,Holy See,UN-CTS,,,,,,,0.00,0.00,0.00,1.00,0.00,0.00,1.00,,,,,,,,,0.00,0.00,0.00,124.38,0.00,0.00,124.53,
Americas,Central America,Honduras,UN-CTS/WPB-ICPR,,10931.00,11589.00,11178.00,,11390.00,,11770.00,12006.00,12095.00,13184.00,14882.00,16158.00,17494.00,,,151.73,157.17,148.22,,144.68,,143.63,143.76,142.20,152.28,168.94,180.32,191.98
Europe,Eastern Europe,Hungary,UN-CTS,16860.00,16546.00,15755.00,14822.00,14353.00,14743.00,15432.00,16328.00,17210.00,17179.00,17841.00,17890.00,17449.00,17658.00,,166.24,163.58,156.20,147.40,143.19,147.56,154.96,164.47,173.87,174.06,181.28,182.30,178.34,181.08
Europe,Northern Europe,Iceland,UN-CTS,109.00,115.00,119.00,119.00,115.00,140.00,148.00,167.00,150.00,153.00,152.00,154.00,,124.00,,37.85,39.50,40.34,39.70,37.68,45.03,46.82,52.13,46.38,47.00,46.48,46.89,,37.26
Asia,Southern Asia,India,UN-CTS/WPB-ICPR,313635.00,331391.00,358368.00,373271.00,376396.00,384753.00,376969.00,368998.00,372926.00,385135.00,411992.00,418536.00,419623.00,,,28.31,29.43,31.32,32.12,31.91,32.14,31.04,29.98,29.90,30.49,32.22,32.35,32.06,
Asia,South-Eastern Asia,Indonesia,UN-CTS/WPB-ICPR,84357.00,87185.00,97691.00,116688.00,,137144.00,,117863.00,,156446.00,160061.00,159964.00,173572.00,202621.00,,38.25,38.99,43.09,50.77,,58.07,,48.60,,62.86,63.51,62.70,67.23,77.64
Asia,Southern Asia,Iran (Islamic Republic of),WPB-ICPR,157267.00,,134384.00,,148843.00,,168516.00,,250000.00,,226220.00,225624.00,,,,228.54,,190.83,,206.64,,228.69,,331.16,,292.14,287.75,,
Asia,Western Asia,Iraq (Central Iraq),UN-CTS,,,,,,16767.00,20104.00,24965.00,26369.00,31187.00,30499.00,,,,,,,,,,67.50,78.75,94.95,97.14,111.09,104.98,,,
Europe,Northern Europe,Ireland,UN-CTS,3234.00,3162.00,3022.00,3080.00,3253.00,3484.00,3868.00,4318.00,4216.00,4287.00,4088.00,3777.00,3755.00,3716.00,,79.86,76.58,71.73,71.57,73.96,77.60,84.67,93.32,90.42,91.64,87.31,80.60,79.89,78.43
Europe,Northern Europe,Isle of Man,WPB-ICPR,,51.00,,76.00,,107.00,,97.00,,81.00,,,,76.00,,,67.69,,98.81,,136.25,,121.14,,99.50,,,,90.78
Asia,Western Asia,Israel,UN-CTS,12228.00,13909.00,16055.00,20617.00,21949.00,21905.00,,20191.00,18967.00,20291.00,18610.00,20781.00,,,,192.58,215.02,243.15,305.20,317.06,308.63,,271.90,250.60,263.55,237.95,261.68,,
Europe,Southern Europe,Italy,UN-CTS,54993.00,56903.00,60415.00,39794.00,49697.00,59284.00,65598.00,69263.00,68325.00,67102.00,63848.00,54745.00,53410.00,,,94.58,97.28,102.73,67.36,83.79,99.63,109.99,115.96,114.33,112.33,107.01,91.88,89.76,
Americas,Caribbean,Jamaica,UN-CTS/WPB-ICPR,4744.00,,4825.00,4913.00,4709.00,,5163.00,,4457.00,4364.00,4112.00,4034.00,3854.00,3799.00,,174.89,,175.80,177.99,169.67,,184.12,,157.52,153.61,144.19,140.95,134.20,131.90
Asia,Eastern Asia,Japan,UN-CTS,73734.00,76413.00,79055.00,81255.00,79809.00,76881.00,75250.00,72975.00,69876.00,67008.00,62971.00,60486.00,58497.00,55967.00,,57.57,59.60,61.60,63.27,62.11,59.81,58.53,56.77,54.38,52.18,49.08,47.19,45.71,43.83
Europe,Northern Europe,Jersey,WPB-ICPR,,170.00,,174.00,,181.00,,177.00,,157.00,,,,140.00,,,,,,,,,,,,,,,
Asia,Western Asia,Jordan,UN-CTS/WPB-ICPR,,,6378.00,6166.00,6633.00,7077.00,7206.00,8434.00,6262.00,7714.00,8000.00,10089.00,11489.00,,,,,111.62,103.91,107.10,109.05,105.64,117.43,82.67,96.51,95.09,114.53,125.44,
Asia,Central Asia,Kazakhstan,UN-CTS,,,52203.00,51544.00,,48270.00,50495.00,55140.00,49401.00,45335.00,42052.00,43220.00,42114.00,,,,,335.90,328.50,,301.67,312.00,336.24,296.75,267.92,244.39,247.14,237.27,
Africa,Eastern Africa,Kenya,UN-CTS/WPB-ICPR,,55000.00,50000.00,,,49092.00,48122.00,48153.00,51068.00,44522.00,53430.00,53537.00,54225.00,48500.00,,,156.81,138.70,,,125.40,119.60,116.45,120.20,102.01,119.19,116.32,114.80,100.03
Oceania,Micronesia,Kiribati,WPB-ICPR,,81.00,74.00,84.00,88.00,84.00,,90.00,,106.00,,120.00,146.00,129.00,,,89.46,80.15,89.12,91.37,85.33,,87.67,,99.43,,108.64,129.89,112.75
Europe,Southern Europe,Kosovo under UNSCR 1244,UN-CTS/WPB-ICPR,1182.00,1189.00,1199.00,1252.00,,,1325.00,1333.00,1441.00,1737.00,1776.00,1854.00,1478.00,1648.00,,69.39,69.75,70.29,72.81,,,75.22,75.07,80.46,96.22,97.36,101.77,82.03,90.74
Asia,Western Asia,Kuwait,WPB-ICPR,3700.00,,3500.00,,,,4045.00,4179.00,4100.00,,2900.00,3200.00,4000.00,5400.00,,170.58,,153.74,,,,143.49,139.39,128.48,,80.59,84.60,101.63,134.69
Asia,Central Asia,Kyrgyzstan,UN-CTS/WPB-ICPR,16934.00,16620.00,15758.00,15127.00,14408.00,9607.00,,9923.00,,9828.00,9997.00,9581.00,10147.00,10328.00,,337.85,329.90,310.48,295.06,277.63,182.56,,183.00,,175.68,175.89,165.92,173.00,173.50
Asia,South-Eastern Asia,Lao People's Democratic Republic,WPB-ICPR,,,,,,,,,,,,,8201.00,,,,,,,,,,,,,,,123.06,
Europe,Northern Europe,Latvia,UN-CTS,8305.00,8231.00,7646.00,6965.00,6548.00,6548.00,7055.00,6780.00,6561.00,6117.00,5136.00,4745.00,4409.00,,,360.18,361.19,339.52,313.00,297.84,301.49,328.86,319.99,313.55,296.03,251.67,235.35,221.26,
Asia,Western Asia,Lebanon,UN-CTS/WPB-ICPR,6382.00,5990.00,6921.00,6101.00,5870.00,4686.00,4901.00,5060.00,5169.00,5060.00,5393.00,6012.00,6320.00,,,172.42,155.05,173.60,150.37,143.64,113.99,117.16,116.67,112.65,102.92,102.22,107.29,108.01,
Africa,Southern Africa,Lesotho,UN-CTS/WPB-ICPR,,,2712.00,,2852.00,2594.00,2555.00,2498.00,,2564.00,,2073.00,,,,,,139.11,,143.87,129.70,126.53,122.42,,122.68,,96.61,,
Africa,Western Africa,Liberia,WPB-ICPR,,,,,1022.00,,1420.00,,1601.00,,1827.00,,2104.00,,,,,,,29.09,,37.26,,39.33,,42.62,,46.76,
Africa,Northern Africa,Libya,WPB-ICPR,,9763.00,,,13217.00,,,13242.00,,3186.00,5328.00,6187.00,,,,,171.14,,,221.38,,,214.65,,51.40,85.99,99.72,,
Europe,Western Europe,Liechtenstein,UN-CTS,,,130.00,98.00,26.00,78.00,149.00,76.00,71.00,60.00,68.00,53.00,53.00,72.00,,,,373.01,279.24,73.61,219.46,416.60,211.09,195.79,164.18,184.61,142.75,141.70,191.23
Europe,Northern Europe,Lithuania,UN-CTS,8063.00,8125.00,8137.00,8079.00,7866.00,8000.00,8655.00,9139.00,9920.00,9729.00,9261.00,8636.00,7355.00,6815.00,,236.15,240.31,243.31,244.55,241.28,248.86,273.13,292.56,322.09,320.32,308.97,291.57,250.86,233.71
Europe,Western Europe,Luxembourg,UN-CTS/WPB-ICPR,,602.00,693.00,735.00,741.00,762.00,702.00,681.00,637.00,666.00,656.00,626.00,691.00,724.00,,,133.24,151.36,157.88,156.09,157.08,141.45,134.08,122.51,125.10,120.43,112.53,121.93,126.09
Africa,Eastern Africa,Madagascar,UN-CTS/WPB-ICPR,19000.00,19971.00,20294.00,17495.00,,16555.00,,18355.00,18578.00,19150.00,19804.00,20353.00,20595.00,,,109.96,112.18,110.67,92.66,,82.79,,86.78,85.44,85.70,86.25,86.28,84.98,
Africa,Eastern Africa,Malawi,WPB-ICPR,8566.00,9220.00,9656.00,11000.00,10830.00,11000.00,,11672.00,,12236.00,,12156.00,12129.00,,,69.44,72.74,74.05,81.91,78.25,77.08,,76.96,,76.01,,71.22,69.02,
Asia,South-Eastern Asia,Malaysia,WPB-ICPR,,43424.00,35644.00,42389.00,50305.00,39440.00,,38387.00,,36608.00,39144.00,47986.00,,51602.00,,,172.49,138.91,162.14,188.93,145.48,,136.55,,125.50,131.77,158.75,,165.64
Asia,Southern Asia,Maldives,WPB-ICPR,,1110.00,,1489.00,,993.00,,830.00,,994.00,,1200.00,1513.00,,,,357.58,,454.84,,287.78,,227.70,,257.38,,293.94,361.61,
Africa,Western Africa,Mali,WPB-ICPR,,4407.00,,,,,6700.00,,5817.00,,4963.00,5209.00,,,,,35.56,,,,,45.87,,37.43,,30.12,30.71,,
Europe,Southern Europe,Malta,UN-CTS,278.00,298.00,294.00,375.00,528.00,662.00,494.00,584.00,584.00,585.00,615.00,581.00,565.00,,,68.95,73.58,72.27,91.79,128.68,160.63,119.31,140.35,139.59,139.02,145.31,136.52,132.13,
Oceania,Micronesia,Marshall Islands,WPB-ICPR,20.00,,,47.00,,,50.00,,41.00,,36.00,35.00,,,,38.38,,,90.25,,,95.57,,78.03,,68.19,66.17,,
Americas,Caribbean,Martinique,WPB-ICPR,643.00,,631.00,,763.00,,920.00,,885.00,,918.00,,940.00,,,162.99,,158.92,,191.91,,232.20,,225.07,,235.96,,243.62,
Africa,Western Africa,Mauritania,WPB-ICPR,1185.00,,815.00,,,,,1700.00,,1602.00,,1768.00,,,,40.07,,26.03,,,,,47.10,,41.83,,43.50,,
Africa,Eastern Africa,Mauritius,UN-CTS/WPB-ICPR,2605.00,2572.00,2547.00,2238.00,2272.00,2200.00,2384.00,2449.00,2706.00,2760.00,2663.00,2233.00,,2237.00,,215.47,211.57,208.43,182.23,184.13,177.52,191.64,196.24,216.30,220.21,212.14,177.61,,177.20
Africa,Eastern Africa,Mayotte,WPB-ICPR,163.00,,107.00,,155.00,,216.00,,211.00,,188.00,,177.00,,,97.77,,60.08,,81.54,,106.67,,98.17,,82.69,,73.74,
Americas,Central America,Mexico,UN-CTS,185606.00,196577.00,208272.00,211308.00,214682.00,,186614.00,188013.00,213758.00,207278.00,218373.00,228021.00,221439.00,190175.00,,175.70,183.72,192.00,191.94,191.96,,161.56,160.26,179.49,171.55,178.21,183.56,175.90,149.17
Oceania,Micronesia,Micronesia (Federated States of),WPB-ICPR,,86.00,,103.00,,,76.00,,95.00,,107.00,132.00,,,,,80.69,,97.46,,,73.11,,91.82,,103.18,126.90,,
Europe,Western Europe,Monaco,UN-CTS,28.00,34.00,31.00,37.00,36.00,34.00,23.00,12.00,32.00,33.00,29.00,,34.00,31.00,,85.02,102.06,91.73,107.53,102.53,94.83,62.96,32.35,85.34,87.34,76.37,,88.76,80.50
Asia,Eastern Asia,Mongolia,UN-CTS,,8124.00,8906.00,6740.00,7923.00,8098.00,6532.00,7421.00,8011.00,8145.00,8068.00,7690.00,5471.00,5692.00,,,325.37,352.51,263.49,305.71,308.13,244.80,273.57,290.09,289.42,281.20,263.01,183.78,188.27
Europe,Southern Europe,Montenegro,UN-CTS,741.00,799.00,894.00,851.00,957.00,1216.00,1499.00,1457.00,1328.00,1331.00,1064.00,1123.00,1131.00,1123.00,,120.66,129.89,145.04,137.74,154.48,195.75,240.67,233.39,212.32,212.49,169.67,178.91,180.04,178.70
Africa,Northern Africa,Morocco,UN-CTS/WPB-ICPR,54542.00,59069.00,50933.00,53580.00,54660.00,59212.00,57563.00,64877.00,,70675.00,72005.00,74941.00,74039.00,,,182.76,195.73,166.88,173.57,175.05,187.40,179.94,200.18,,212.02,212.88,218.37,212.74,
Africa,Eastern Africa,Mozambique,UN-CTS/WPB-ICPR,,15359.00,17769.00,18013.00,17858.00,27889.00,35235.00,15249.00,16304.00,,15663.00,15430.00,15976.00,,,,75.61,84.93,83.60,80.48,122.07,149.78,62.96,65.38,,59.25,56.70,57.04,
Asia,South-Eastern Asia,Myanmar,WPB-ICPR,,60000.00,,,65063.00,,60053.00,,66000.00,,60000.00,,,79668.00,,,124.81,,,132.32,,120.59,,130.56,,116.62,,,150.64
Africa,Southern Africa,Namibia,WPB-ICPR,,4442.00,,,4064.00,,,4251.00,,,4010.00,,3560.00,,,,221.08,,,195.39,,,195.61,,,173.10,,146.77,
Oceania,Micronesia,Nauru,WPB-ICPR,,,3.00,,,,37.00,,,26.00,,14.00,,,,,,29.66,,,,372.05,,,248.14,,126.47,,
Asia,Southern Asia,Nepal,WPB-ICPR,,6393.00,,5580.00,,8401.00,,10739.00,,14936.00,,16813.00,,,,,25.26,,21.51,,31.73,,39.74,,54.02,,59.36,,
Europe,Western Europe,Netherlands,UN-CTS,16184.00,18766.00,17560.00,16091.00,15151.00,14610.00,14364.00,14368.00,13969.00,13473.00,12721.00,11934.00,10850.00,,,99.90,115.22,107.29,97.88,91.78,88.18,86.39,86.12,83.46,80.25,75.54,70.66,64.06,
Oceania,Melanesia,New Caledonia,WPB-ICPR,315.00,,251.00,,326.00,,,,438.00,,402.00,,448.00,,,139.98,,107.87,,135.76,,,,172.00,,153.50,,166.49,
Oceania,Australia and New Zealand,New Zealand,UN-CTS/WPB-ICPR,,6556.00,7430.00,7588.00,7534.00,7860.00,8546.00,8435.00,8467.00,8223.00,8223.00,8641.00,9121.00,9938.00,,,160.67,179.67,181.27,177.98,183.72,197.66,193.02,191.63,184.05,182.02,189.22,197.66,213.33
Americas,Central America,Nicaragua,UN-CTS/WPB-ICPR,,6233.00,5536.00,6029.00,6663.00,5925.00,5807.00,6789.00,,9800.00,,10569.00,,,,,117.39,102.91,110.62,120.66,105.91,102.48,118.32,,166.75,,175.74,,
Africa,Western Africa,Niger,WPB-ICPR,,,7432.00,7381.00,,6664.00,,5337.00,,6899.00,,,8525.00,,,,,54.57,52.23,,43.76,,32.49,,38.91,,,42.85,
Africa,Western Africa,Nigeria,UN-CTS/WPB-ICPR,,38999.00,39006.00,40953.00,39438.00,41130.00,42685.00,47072.00,48658.00,51560.00,55173.00,56620.00,,63142.00,,,28.80,28.07,28.72,26.94,27.36,27.65,29.68,29.87,30.82,32.11,32.09,,33.92
Oceania,Micronesia,Northern Mariana Islands,WPB-ICPR,,150.00,,126.00,,124.00,,,162.00,,,175.00,,,,,228.44,,204.25,,215.91,,,301.19,,,321.29,,
Europe,Northern Europe,Norway,UN-CTS,2822.00,2899.00,3170.00,3387.00,3446.00,3477.00,3340.00,3564.00,3866.00,4052.00,3869.00,4103.00,4103.00,,,61.75,63.05,68.43,72.48,73.01,72.87,69.19,72.94,78.14,80.85,76.20,79.82,78.91,
Asia,Western Asia,Oman,WPB-ICPR,,,,,,,,,,,1300.00,,,,,,,,,,,,,,,35.03,,,
Asia,Southern Asia,Pakistan,WPB-ICPR,,88659.00,89370.00,86500.00,90000.00,,81409.00,75586.00,78100.00,74944.00,,79700.00,80169.00,,,,58.80,58.07,55.06,56.13,,48.73,44.32,44.84,42.12,,42.95,42.33,
Oceania,Micronesia,Palau,WPB-ICPR,103.00,,97.00,,111.00,,132.00,,92.00,,103.00,72.00,72.00,,,522.84,,487.29,,551.80,,648.90,,446.62,,492.35,341.33,338.22,
Americas,Central America,Panama,UN-CTS,,12015.00,12262.00,12189.00,12065.00,10217.00,10878.00,12542.00,13207.00,14481.00,14467.00,14876.00,17811.00,,,,367.48,368.18,359.36,349.32,290.56,303.91,344.26,356.20,383.81,376.90,381.05,448.72,
Oceania,Melanesia,Papua New Guinea,WPB-ICPR,,,4056.00,,,4574.00,,4268.00,,3467.00,,4580.00,4864.00,,,,,64.23,,,67.39,,60.04,,46.66,,59.05,61.42,
Americas,South America,Paraguay,UN-CTS,,,6281.00,6006.00,5827.00,5824.00,6631.00,6197.00,7161.00,8194.00,9233.00,10847.00,12896.00,13345.00,,,,108.38,102.09,97.67,96.31,108.21,99.79,113.78,128.45,142.80,165.54,194.24,198.45
Americas,South America,Peru,UN-CTS,28836.00,31311.00,33010.00,35835.00,39684.00,43286.00,44406.00,45464.00,49206.00,61390.00,67597.00,71961.00,77242.00,82023.00,,107.05,114.81,119.56,128.21,140.26,151.13,153.12,154.78,165.34,203.55,221.15,232.33,246.18,258.23
Asia,South-Eastern Asia,Philippines,UN-CTS,,83501.00,,91200.00,,94961.00,,95390.00,100590.00,106623.00,110747.00,119600.00,135741.00,,,,98.61,,103.86,,104.64,,101.77,105.58,110.07,112.46,119.48,133.45,
Europe,Eastern Europe,Poland,UN-CTS,79281.00,80368.00,84875.00,90529.00,89648.00,84978.00,85749.00,82372.00,82832.00,85459.00,80165.00,78358.00,71772.00,71528.00,,206.25,209.31,221.24,236.12,233.89,221.73,223.74,214.94,216.15,223.03,209.26,204.63,187.56,187.24
Europe,Southern Europe,Portugal,UN-CTS,13835.00,13152.00,12889.00,12636.00,11587.00,10807.00,11287.00,11839.00,12955.00,13875.00,14535.00,14198.00,14373.00,13917.00,,131.92,124.92,121.99,119.21,109.00,101.45,105.88,111.14,121.93,131.12,138.06,135.59,137.96,134.10
Americas,Caribbean,Puerto Rico,UN-CTS/WPB-ICPR,,14380.00,14263.00,13788.00,,12130.00,11258.00,10894.00,11470.00,12244.00,12246.00,12246.00,11364.00,10727.00,,,380.79,378.79,367.18,,324.70,302.12,293.11,309.42,331.14,331.98,332.71,309.33,292.36
Asia,Western Asia,Qatar,UN-CTS/WPB-ICPR,569.00,564.00,522.00,805.00,449.00,551.00,,,1150.00,,1150.00,,,,,82.63,74.32,60.36,79.67,37.74,39.66,,,58.91,,51.10,,,
Asia,Eastern Asia,Republic of Korea,UN-CTS,57336.00,54796.00,47311.00,45651.00,45647.00,47966.00,48228.00,45681.00,45038.00,46708.00,48824.00,51761.00,54667.00,57675.00,,118.79,112.99,97.13,93.36,93.04,97.45,97.67,92.19,90.54,93.51,97.32,102.73,108.05,113.59
Europe,Eastern Europe,Republic of Moldova,UN-CTS,,9377.00,8876.00,9042.00,7895.00,6830.00,6535.00,6324.00,6480.00,6583.00,6853.00,7317.00,,,,,225.07,213.48,218.16,191.22,166.12,159.54,154.83,158.93,161.60,168.30,179.78,,
Africa,Eastern Africa,Réunion,WPB-ICPR,1071.00,,1040.00,,1307.00,,,,1078.00,,1128.00,,1046.00,,,138.84,,131.38,,161.61,,,,128.75,,132.64,,121.15,
Europe,Eastern Europe,Romania,UN-CTS,42815.00,39031.00,36700.00,34038.00,29390.00,26212.00,26716.00,28244.00,30694.00,31817.00,33434.00,30156.00,28334.00,27455.00,,197.04,180.77,171.25,160.22,139.71,125.89,129.58,138.18,151.25,157.73,166.60,150.99,142.55,138.81
Europe,Eastern Europe,Russian Federation,UN-CTS,,762762.00,823396.00,871360.00,883168.00,887501.00,863899.00,818037.00,755648.00,701909.00,677287.00,671649.00,646085.00,630155.00,,,529.53,573.32,607.97,616.95,620.27,603.73,571.44,527.45,489.41,471.66,467.20,449.02,438.01
Africa,Eastern Africa,Rwanda,WPB-ICPR,,,,,,,,55000.00,,55618.00,,,54279.00,,,,,,,,,,536.75,,515.51,,,466.73,
Americas,Caribbean,Saint Kitts and Nevis,UN-CTS/WPB-ICPR,195.00,,,237.00,232.00,271.00,254.00,282.00,346.00,366.00,330.00,334.00,,220.00,,412.21,,,481.61,466.02,538.42,499.15,548.16,665.31,695.94,620.66,621.52,,401.48
Americas,Caribbean,Saint Lucia,WPB-ICPR,460.00,,503.00,,,518.00,,526.00,,568.00,,634.00,,525.00,,285.76,,307.24,,,306.11,,304.79,,324.88,,359.37,,294.94
Americas,Caribbean,Saint Vincent and the Grenadines,UN-CTS/WPB-ICPR,,1404.00,364.00,1085.00,1071.00,1176.00,1075.00,1039.00,1268.00,460.00,,412.00,,,,,1293.31,334.73,996.26,982.15,1077.27,983.95,950.46,1159.67,420.75,,376.75,,
Oceania,Polynesia,Samoa,WPB-ICPR,,234.00,,183.00,,,300.00,,427.00,,,,501.00,,,,130.89,,101.05,,,162.31,,227.53,,,,258.57,
Europe,Southern Europe,San Marino,WPB-ICPR,,,,,,,,,,,,,2.00,,,,,,,,,,,,,,,6.07,
Africa,Middle Africa,Sao Tome and Principe,WPB-ICPR,,,155.00,160.00,,,240.00,305.00,,217.00,,,178.00,,,,,99.60,100.42,,,140.50,174.51,,118.65,,,91.02,
Asia,Western Asia,Saudi Arabia,WPB-ICPR,,,,,,,44600.00,,49000.00,,47000.00,,,,,,,,,,,167.28,,173.52,,156.96,,,
Africa,Western Africa,Senegal,UN-CTS/WPB-ICPR,,,6593.00,6515.00,6612.00,6891.00,7550.00,7179.00,,8428.00,,8630.00,,9310.00,,,,58.60,56.37,55.69,56.47,60.15,55.58,,61.50,,59.33,,60.37
Europe,Southern Europe,Serbia,UN-CTS/WPB-ICPR,7487.00,7654.00,8078.00,7893.00,9043.00,9701.00,10975.00,11211.00,11070.00,10226.00,10031.00,10288.00,10064.00,10672.00,,80.48,82.67,87.66,86.04,98.99,106.61,121.07,124.16,123.09,114.17,112.45,115.79,113.70,120.97
Africa,Eastern Africa,Seychelles,UN-CTS/WPB-ICPR,172.00,147.00,162.00,174.00,172.00,297.00,,432.00,,628.00,,735.00,,,,200.21,168.03,182.55,194.07,190.52,327.50,,472.62,,680.50,,788.17,,
Africa,Western Africa,Sierra Leone,UN-CTS/WPB-ICPR,,1400.00,1740.00,1610.00,1978.00,1886.00,,2237.00,,2762.00,3281.00,3603.00,3488.00,,,,25.74,30.75,27.53,32.88,30.59,,34.64,,40.82,47.40,50.90,48.20,
Asia,South-Eastern Asia,Singapore,UN-CTS,17375.00,15623.00,14453.00,12761.00,12410.00,12500.00,13428.00,13604.00,13164.00,12975.00,13334.00,12794.00,12640.00,12454.00,,408.89,357.50,321.82,276.70,262.23,257.67,270.42,268.10,254.33,246.16,248.73,234.82,228.35,221.79
Americas,Caribbean,Sint Maarten (Dutch part),WPB-ICPR,,,,,94.00,,,,,180.00,,161.00,,,,,,,,289.77,,,,,512.34,,427.09,,
Europe,Eastern Europe,Slovakia,UN-CTS,8873.00,9422.00,8897.00,8249.00,7986.00,8166.00,9316.00,10031.00,10525.00,10850.00,9753.00,10020.00,9913.00,9995.00,,164.32,174.50,164.79,152.80,147.93,151.25,172.50,185.61,194.55,200.29,179.77,184.43,182.25,183.67
Europe,Southern Europe,Slovenia,UN-CTS,1070.00,1085.00,1132.00,1301.00,1336.00,1318.00,1365.00,1351.00,1273.00,1377.00,1360.00,1522.00,1399.00,1308.00,,53.80,54.48,56.71,64.93,66.35,65.10,67.06,66.06,61.99,66.83,65.82,73.50,67.43,63.00
Oceania,Melanesia,Solomon Islands,WPB-ICPR,,275.00,295.00,283.00,211.00,173.00,,268.00,,291.00,321.00,282.00,271.00,,,,60.00,62.78,58.78,42.80,34.29,,50.78,,52.76,56.96,49.00,46.13,
Africa,Southern Africa,South Africa,WPB-ICPR,180952.00,186739.00,157402.00,,,164297.00,,163312.00,159265.00,158165.00,156370.00,154648.00,,,,379.76,387.04,322.41,,,325.91,,316.59,304.73,298.43,290.83,283.55,,
Africa,Eastern Africa,South Sudan,WPB-ICPR,,,,,,,,,,,,,6504.00,,,,,,,,,,,,,,,54.74,
Europe,Southern Europe,Spain,UN-CTS,56096.00,59375.00,61054.00,64021.00,67100.00,73558.00,76079.00,73929.00,70472.00,68597.00,66765.00,65017.00,61614.00,59589.00,,131.52,136.96,138.62,143.14,147.82,159.92,163.69,158.01,150.23,146.40,142.97,139.76,132.80,128.40
Asia,Southern Asia,Sri Lanka,UN-CTS/WPB-ICPR,,20661.00,22114.00,22867.00,26349.00,28582.00,27151.00,26025.00,23213.00,23215.00,27000.00,19774.00,19067.00,,,,106.65,113.26,116.25,133.00,143.30,135.25,128.85,114.27,113.66,131.53,95.88,92.05,
Asia,Western Asia,State of Palestine,UN-CTS,4285.00,3812.00,7873.00,4993.00,4255.00,7596.00,10645.00,12520.00,12674.00,14810.00,12606.00,14274.00,9606.00,8155.00,,124.54,108.79,220.15,136.44,113.41,197.18,268.95,307.86,303.29,344.82,285.55,314.58,206.01,170.08
Africa,Northern Africa,Sudan,WPB-ICPR,12000.00,,,,,,19144.00,,20000.00,,19101.00,,,,,40.77,,,,,,56.89,,56.87,,51.83,,,
Americas,South America,Suriname,UN-CTS,,,,,,,,,,,11936.00,10595.00,10233.00,10116.00,,,,,,,,,,,,2200.02,1933.65,1849.76,1812.53
Africa,Southern Africa,Swaziland,UN-CTS/WPB-ICPR,3169.00,2719.00,2667.00,2648.00,,2546.00,2713.00,,3764.00,3411.00,3280.00,3616.00,3610.00,,,291.43,248.30,241.17,236.32,,219.69,229.78,,307.20,273.28,257.97,279.21,273.69,
Europe,Northern Europe,Sweden,UN-CTS,6755.00,7332.00,7377.00,7397.00,6977.00,7073.00,7286.00,6846.00,6669.00,6296.00,5723.00,5702.00,5543.00,5910.00,,75.46,81.55,81.62,81.32,76.14,76.57,78.23,72.91,70.45,65.99,59.52,58.85,56.77,60.09
Europe,Western Europe,Switzerland,UN-CTS,5223.00,5983.00,6137.00,5567.00,5278.00,5303.00,5605.00,5765.00,5626.00,6102.00,6652.00,6519.00,6498.00,6541.00,,71.63,81.43,82.82,74.41,69.81,69.36,72.44,73.61,70.94,75.97,81.79,79.21,78.10,77.96
Asia,Western Asia,Syrian Arab Republic,UN-CTS,11829.00,10599.00,,,,,,,,,,,,,,67.92,59.52,,,,,,,,,,,,
Asia,Eastern Asia,"China, Taiwan Province of China",WPB-ICPR,,56786.00,60122.00,63226.00,,63203.00,,65311.00,64420.00,66106.00,65288.00,63452.00,,,,,252.80,265.99,278.22,,275.65,,282.70,277.85,284.16,279.73,271.00,,
Asia,Central Asia,Tajikistan,WPB-ICPR,10000.00,,,10804.00,,7350.00,,9317.00,,,,,,,,152.05,,,154.33,,100.55,,121.92,,,,,,
Asia,South-Eastern Asia,Thailand,UN-CTS/WPB-ICPR,,167142.00,162293.00,151586.00,,185082.00,213094.00,210855.00,224492.00,234895.00,279854.00,317980.00,323473.00,325298.00,,,257.13,248.06,230.29,,278.13,318.61,313.73,332.43,346.23,410.69,464.77,471.14,472.76
Europe,Southern Europe,The former Yugoslav Republic of Macedonia,UN-CTS/WPB-ICPR,1608.00,1782.00,2132.00,2038.00,,2235.00,,2516.00,2515.00,2543.00,,3116.00,3427.00,,,78.31,86.63,103.48,98.78,,108.11,,121.50,121.36,122.61,,149.99,164.81,
Asia,South-Eastern Asia,Timor-Leste,UN-CTS/WPB-ICPR,320.00,,,,,179.00,223.00,,260.00,295.00,,,184.00,,,33.30,,,,,16.60,20.42,,22.98,25.50,,,14.83,
Africa,Western Africa,Togo,UN-CTS/WPB-ICPR,3200.00,,,,,,,4116.00,,4214.00,,4493.00,4422.00,,,59.35,,,,,,,63.29,,61.43,,62.15,59.62,
Oceania,Polynesia,Tonga,WPB-ICPR,,116.00,128.00,102.00,,106.00,,159.00,,158.00,,176.00,,,,,115.53,126.68,100.31,,102.91,,152.68,,150.55,,166.38,,
Americas,Caribbean,Trinidad and Tobago,UN-CTS,,3924.00,3771.00,3700.00,3599.00,3863.00,3719.00,3691.00,4287.00,3710.00,3615.00,3379.00,7447.00,,,,304.06,290.76,283.93,274.89,293.68,281.40,277.92,321.17,276.54,268.13,249.47,547.54,
Africa,Northern Africa,Tunisia,WPB-ICPR,,26000.00,,,,,26319.00,,21000.00,,25000.00,,23553.00,,,,259.54,,,,,250.14,,195.14,,226.97,,208.92,
Asia,Western Asia,Turkey,UN-CTS,63796.00,58016.00,55966.00,70524.00,90732.00,103435.00,115920.00,120194.00,128253.00,136638.00,144098.00,158690.00,177262.00,,,96.54,86.58,82.42,102.56,130.37,146.84,162.49,166.18,174.71,183.23,190.13,206.01,226.47,
Asia,Central Asia,Turkmenistan,UN-CTS/WPB-ICPR,15460.00,14015.00,13462.00,10953.00,,,,26500.00,,,30568.00,,,,,332.06,297.98,283.13,227.71,,,,520.91,,,569.63,,,
Oceania,Polynesia,Tuvalu,WPB-ICPR,,,7.00,,3.00,,,8.00,,12.00,,11.00,,,,,,69.81,,29.29,,,75.97,,111.89,,100.84,,
Africa,Eastern Africa,Uganda,UN-CTS,17952.00,18549.00,19048.00,19225.00,19247.00,28775.00,31173.00,31230.00,32021.00,35212.00,39568.00,42330.00,,,,67.43,67.28,66.73,65.06,62.92,90.88,95.12,92.08,91.24,96.98,105.36,109.00,,
Europe,Eastern Europe,Ukraine,UN-CTS/WPB-ICPR,191241.00,192047.00,170923.00,160725.00,149690.00,145946.00,147716.00,154027.00,154029.00,,147112.00,,,60771.00,,401.93,406.74,364.50,344.78,322.70,315.99,321.16,336.36,337.96,,326.08,,,136.74
Asia,Western Asia,United Arab Emirates,UN-CTS,,,9936.00,11193.00,,,,,,9824.00,9959.00,9826.00,,,,,,216.96,213.52,,,,,,110.38,110.58,108.32,,
Europe,Northern Europe,United Kingdom (England and Wales),UN-CTS,73657.00,74488.00,75121.00,76560.00,78445.00,81674.00,81836.00,84004.00,84428.00,84886.00,81884.00,83678.00,84444.00,83604.00,,139.34,140.14,140.22,141.91,144.23,148.93,148.16,150.84,150.31,150.06,143.79,145.76,145.88,143.58
Europe,Northern Europe,United Kingdom (Northern Ireland),UN-CTS,,,1330.00,1512.00,1504.00,1543.00,1525.00,1465.00,1673.00,1682.00,1796.00,1709.00,1447.00,1407.00,,,,76.98,86.74,85.37,86.73,85.04,81.17,92.21,92.23,98.16,92.86,78.15,75.54
Europe,Northern Europe,United Kingdom (Scotland),UN-CTS,6606.00,6776.00,6856.00,7187.00,7376.00,7827.00,7964.00,7854.00,8179.00,8057.00,7894.00,7731.00,7676.00,7552.00,,130.33,133.27,134.16,140.01,142.67,150.44,152.22,149.25,154.32,151.63,148.17,144.57,142.86,139.73
Africa,Eastern Africa,United Republic of Tanzania,WPB-ICPR,,43244.00,46416.00,43911.00,,41613.00,40111.00,,38353.00,33338.00,36552.00,34196.00,34404.00,,,,113.06,117.78,108.06,,96.17,89.81,,80.62,67.92,72.18,65.47,63.85,
Americas,Northern America,United States of America,UN-CTS,2153000.00,2155900.00,2200400.00,2256600.00,2296400.00,2310300.00,2297700.00,2279100.00,2252500.00,2231400.00,2222500.00,2225100.00,2172800.00,2162400.00,,742.34,736.96,745.57,757.69,763.95,761.54,750.70,738.43,724.16,712.14,704.36,700.34,679.15,671.07
Americas,Caribbean,United States Virgin Islands,WPB-ICPR,,576.00,,586.00,,612.00,,577.00,,577.00,577.00,,,,,,532.91,,545.26,,573.04,,543.58,,546.62,547.90,,,
Americas,South America,Uruguay,UN-CTS/WPB-ICPR,6523.00,6396.00,6211.00,6887.00,,7665.00,,8700.00,9070.00,9418.00,9448.00,9542.00,9996.00,,,196.14,192.41,186.76,206.75,,228.75,,257.82,267.90,277.26,277.23,279.04,291.30,
Asia,Central Asia,Uzbekistan,WPB-ICPR,48000.00,,,,34000.00,,42000.00,,,42000.00,,43900.00,,,,185.83,,,,124.58,,149.17,,,142.18,,143.94,,
Oceania,Melanesia,Vanuatu,WPB-ICPR,93.00,,138.00,,123.00,,170.00,187.00,,194.00,,,230.00,,,46.74,,65.91,,55.92,,73.66,79.14,,78.39,,,86.92,
Americas,South America,Venezuela (Bolivarian Republic of),WPB-ICPR,,19951.00,,19257.00,,24069.00,,40825.00,,45224.00,,51256.00,49664.00,,,,75.78,,70.70,,85.53,,140.64,,151.29,,166.75,159.41,
Asia,South-Eastern Asia,Viet Nam,WPB-ICPR,,,88414.00,,92153.00,,107668.00,,113018.00,130180.00,,142636.00,136245.00,,,,,104.87,,107.29,,122.96,,126.37,143.92,,154.13,145.61,
Asia,Western Asia,Yemen,UN-CTS/WPB-ICPR,16252.00,7319.00,5994.00,5189.00,5947.00,6574.00,6894.00,12409.00,10390.00,,14000.00,,,,,83.51,36.56,29.12,24.52,27.34,29.41,30.01,52.57,42.84,,54.74,,,
Africa,Eastern Africa,Zambia,WPB-ICPR,13200.00,,14347.00,,,15000.00,15544.00,16666.00,,17000.00,17021.00,17038.00,18560.00,25000.00,,115.57,,119.04,,,114.66,115.51,120.33,,115.65,112.33,109.07,115.28,150.45
Africa,Eastern Africa,Zimbabwe,UN-CTS/WPB-ICPR,21125.00,19888.00,17997.00,18081.00,16429.00,14029.00,,13361.00,,16900.00,16902.00,17484.00,18857.00,,,167.21,155.65,139.08,137.77,123.25,103.47,,94.85,,114.88,112.27,113.45,119.52,
